FeatureId,Team,Summary,Start,Sprint,SP,End
1001248,SIC,OTAP issues due to intermittent locks on caller records,1001261,14.4,1,1001262
1001248,SIC,OTAP issues due to intermittent locks on caller records,1001260,14.4,2,1001261
1001248,SIC,OTAP issues due to intermittent locks on caller records,1001259,14.3,2,1001261
1001248,SIC,OTAP issues due to intermittent locks on caller records,1001254,14.3,1,1001261
1001248,SIC,OTAP issues due to intermittent locks on caller records,1001253,14.1,5,1001261
1001248,SIC,OTAP issues due to intermittent locks on caller records,1001252,14.2,1,1001261
1001248,SIC,OTAP issues due to intermittent locks on caller records,1001251,14.1,2,1001253
1001248,SIC,OTAP issues due to intermittent locks on caller records,1001251,14.1,2,1001261
1001248,SIC,OTAP issues due to intermittent locks on caller records,1001251,14.1,2,1001260
1001248,SIC,OTAP issues due to intermittent locks on caller records,1001251,14.1,2,1001259
396492,TOFF,Address ProvBridge to HLR timeout during terminal provisioning,396505,14.1,2,396506
396492,TOFF,Address ProvBridge to HLR timeout during terminal provisioning,396496,14.1,1,396505
395855,Octopi,PI 14 Parts List and Drawing Updates/Modifications Discovered within IA Patching or Outside Standard Features (Recurring),395918,14.4,1,395919
395855,Octopi,PI 14 Parts List and Drawing Updates/Modifications Discovered within IA Patching or Outside Standard Features (Recurring),395917,14.4,1,395918
395855,Octopi,PI 14 Parts List and Drawing Updates/Modifications Discovered within IA Patching or Outside Standard Features (Recurring),395916,14.4,1,395918
395855,Octopi,PI 14 Parts List and Drawing Updates/Modifications Discovered within IA Patching or Outside Standard Features (Recurring),395866,14.3,1,395867
395855,Octopi,PI 14 Parts List and Drawing Updates/Modifications Discovered within IA Patching or Outside Standard Features (Recurring),395865,14.3,1,395866
395855,Octopi,PI 14 Parts List and Drawing Updates/Modifications Discovered within IA Patching or Outside Standard Features (Recurring),395864,14.2,1,395866
395855,Octopi,PI 14 Parts List and Drawing Updates/Modifications Discovered within IA Patching or Outside Standard Features (Recurring),395860,14.2,1,395862
392743,SIC,High Dev Risk -  ATO Generic Unix STIG SVD Findings - (Solaris),1008609,14.2,3,1008584
392743,SIC,High Dev Risk -  ATO Generic Unix STIG SVD Findings - (Solaris),1008605,14.2,2,1008609
392743,SIC,High Dev Risk -  ATO Generic Unix STIG SVD Findings - (Solaris),1008584,14.3,1,1008585
392743,SIC,High Dev Risk -  ATO Generic Unix STIG SVD Findings - (Solaris),1007770,14.1,5,1008605
386935,Magic,"MUOS Geolocation Support, Maintenance  Zeta EAD 16",386948,14.4,1,386949
386935,Magic,"MUOS Geolocation Support, Maintenance  Zeta EAD 16",386946,14.4,2,386948
386935,Magic,"MUOS Geolocation Support, Maintenance  Zeta EAD 16",386942,14.3,2,386948
386935,Magic,"MUOS Geolocation Support, Maintenance  Zeta EAD 16",386941,14.2,2,386948
386935,Magic,"MUOS Geolocation Support, Maintenance  Zeta EAD 16",386940,14.2,5,386948
386935,Magic,"MUOS Geolocation Support, Maintenance  Zeta EAD 16",386939,14.3,2,386948
386935,Magic,"MUOS Geolocation Support, Maintenance  Zeta EAD 16",386938,14.2,3,386948
386935,Magic,"MUOS Geolocation Support, Maintenance  Zeta EAD 16",386938,14.2,3,386940
386935,Magic,"MUOS Geolocation Support, Maintenance  Zeta EAD 16",386938,14.2,3,386946
384136,Okapi,OBS - HBSS: Integrate and test production HBSS solution into VLab,1007049,14.3,2,1007605
384136,Okapi,OBS - HBSS: Integrate and test production HBSS solution into VLab,1004858,14.1,2,1007603
384136,Okapi,OBS - HBSS: Integrate and test production HBSS solution into VLab,1004856,14.1,2,1007603
384136,Okapi,OBS - HBSS: Integrate and test production HBSS solution into VLab,1003372,14.2,3,1007603
384136,Okapi,OBS - HBSS: Integrate and test production HBSS solution into VLab,389813,14.1,5,389882
384136,Okapi,OBS - HBSS: Integrate and test production HBSS solution into VLab,387371,14.1,5,1007603
384136,Okapi,OBS - HBSS: Integrate and test production HBSS solution into VLab,387236,14.1,3,390232
384136,Okapi,OBS - HBSS: Integrate and test production HBSS solution into VLab,384147,14.2,5,384149
384136,Okapi,OBS - HBSS: Integrate and test production HBSS solution into VLab,384147,14.2,5,389884
384136,Okapi,OBS - HBSS: Integrate and test production HBSS solution into VLab,384144,14.1,5,390080
384136,Okapi,OBS - HBSS: Integrate and test production HBSS solution into VLab,384141,14.3,5,384149
384136,Okapi,OBS - HBSS: Integrate and test production HBSS solution into VLab,384138,14.3,2,384139
384136,Okapi,OBS - HBSS: Integrate and test production HBSS solution into VLab,384138,14.3,2,384141
384084,SIC,OBS - HW: Design and Implement changes to FM System (Netcool) for Nutanix HW and Application VMs,384097,14.4,2,384098
384084,SIC,OBS - HW: Design and Implement changes to FM System (Netcool) for Nutanix HW and Application VMs,384095,14.3,3,384097
384084,SIC,OBS - HW: Design and Implement changes to FM System (Netcool) for Nutanix HW and Application VMs,384094,14.3,2,384097
384084,SIC,OBS - HW: Design and Implement changes to FM System (Netcool) for Nutanix HW and Application VMs,384089,14.1,3,384097
384084,SIC,OBS - HW: Design and Implement changes to FM System (Netcool) for Nutanix HW and Application VMs,384088,14.4,1,384097
384036,Okapi,OBS - HW: Integrate Nutanix HW/SW Design into VLab,1011370,14.3,2,1006877
384036,Okapi,OBS - HW: Integrate Nutanix HW/SW Design into VLab,1006873,14.3,3,1006877
384036,Okapi,OBS - HW: Integrate Nutanix HW/SW Design into VLab,384069,14.2,2,384042
383168,Okapi,OBS - HW: FRCB for Site Power Changes for Nutanix Deployment,1007801,14.3,2,1007802
379761,SIC,FM Whitelist updates for PI 14: Update whitelist and filter logic,379766,14.4,1,379763
379761,SIC,FM Whitelist updates for PI 14: Update whitelist and filter logic,379765,14.3,5,379769
379761,SIC,FM Whitelist updates for PI 14: Update whitelist and filter logic,379764,14.1,2,379763
379761,SIC,FM Whitelist updates for PI 14: Update whitelist and filter logic,379762,14.2,1,379767
378000,Magic,TD 19-10: Finalize AWARE for SC and Update from WH Lessons Learned,378002,14.1,1,378009
354680,SIC,TD19-10: Implement SPLUNK HA for Site,389452,14.2,2,354682
354680,SIC,TD19-10: Implement SPLUNK HA for Site,389451,14.1,2,354682
354680,SIC,TD19-10: Implement SPLUNK HA for Site,354687,14.3,2,354682
354680,SIC,TD19-10: Implement SPLUNK HA for Site,354686,14.1,5,354683
354680,SIC,TD19-10: Implement SPLUNK HA for Site,354685,14.4,2,354682
354680,SIC,TD19-10: Implement SPLUNK HA for Site,354683,14.2,2,354682
354680,SIC,TD19-10: Implement SPLUNK HA for Site,354681,14.1,3,354686
354174,SIC,"TD19-10: SPLUNK HA Update IETMs, Task Analysis, etc",354182,14.3,8,354176
354174,SIC,"TD19-10: SPLUNK HA Update IETMs, Task Analysis, etc",354181,14.3,2,354176
354174,SIC,"TD19-10: SPLUNK HA Update IETMs, Task Analysis, etc",354179,14.4,1,354176
354174,SIC,"TD19-10: SPLUNK HA Update IETMs, Task Analysis, etc",354176,14.4,1,354183
352931,SIC,TD19-10: Prepare Docs for SPLUNK HA FRCB in support of EAD 17,354763,14.5,3,354768
352931,SIC,TD19-10: Prepare Docs for SPLUNK HA FRCB in support of EAD 17,354762,14.4,5,354768
352931,SIC,TD19-10: Prepare Docs for SPLUNK HA FRCB in support of EAD 17,354761,14.2,3,354762
318430,Okapi,Windows 10 Laptop for ETT,318432,14.1,3,318439
318430,Okapi,Windows 10 Laptop for ETT,318432,14.1,3,390060
318380,Okapi,Windows 10 Laptop for AJM/MTC ,1009929,14.1,2,1009930
318380,Okapi,Windows 10 Laptop for AJM/MTC ,1009928,14.1,1,1009929
297335,Tools,RAN Dev Env (RDE) Transition to Production Part 2,1001057,14.2,5,334396
297335,Tools,RAN Dev Env (RDE) Transition to Production Part 2,384597,14.4,3,390317
297335,Tools,RAN Dev Env (RDE) Transition to Production Part 2,384597,14.4,3,384596
297335,Tools,RAN Dev Env (RDE) Transition to Production Part 2,384596,14.5,5,390317
297335,Tools,RAN Dev Env (RDE) Transition to Production Part 2,334396,14.3,5,344115
293338,Tools,SWIT Dev Env (SDE) Create Developer WS VMs,1000853,14.2,5,342802
293338,Tools,SWIT Dev Env (SDE) Create Developer WS VMs,342862,14.2,3,1000852
293338,Tools,SWIT Dev Env (SDE) Create Developer WS VMs,342802,14.2,8,334844
293338,Tools,SWIT Dev Env (SDE) Create Developer WS VMs,342802,14.2,8,342851
293338,Tools,SWIT Dev Env (SDE) Create Developer WS VMs,342802,14.2,8,334849
293338,Tools,SWIT Dev Env (SDE) Create Developer WS VMs,342802,14.2,8,342850
293338,Tools,SWIT Dev Env (SDE) Create Developer WS VMs,342802,14.2,8,342873
